<?xml version="1.0" encoding="UTF-8" ?>
<CustomField xmlns="http://soap.sforce.com/2006/04/metadata">
    <fullName>Order__c</fullName>
    <externalId>false</externalId>
    <label>Reseller Order</label>
    <referenceTo>Order__c</referenceTo>
    <relationshipLabel>Order Items</relationshipLabel>
    <relationshipName>Order_Items</relationshipName>
    <relationshipOrder>0</relationshipOrder>
    <reparentableMasterDetail>false</reparentableMasterDetail>
    <trackTrending>false</trackTrending>
    <type>MasterDetail</type>
    <writeRequiresMasterRead>false</writeRequiresMasterRead>
</CustomField>
