<?xml version="1.0" encoding="UTF-8" ?>
<CustomSite xmlns="http://soap.sforce.com/2006/04/metadata">
    <active>true</active>
    <allowGuestPaymentsApi>false</allowGuestPaymentsApi>
    <allowHomePage>false</allowHomePage>
    <allowStandardAnswersPages>false</allowStandardAnswersPages>
    <allowStandardIdeasPages>false</allowStandardIdeasPages>
    <allowStandardLookups>false</allowStandardLookups>
    <allowStandardPortalPages>true</allowStandardPortalPages>
    <allowStandardSearch>false</allowStandardSearch>
    <authorizationRequiredPage>CommunitiesLogin</authorizationRequiredPage>
    <bandwidthExceededPage>BandwidthExceeded</bandwidthExceededPage>
    <browserXssProtection>true</browserXssProtection>
    <cachePublicVisualforcePagesInProxyServers
    >true</cachePublicVisualforcePagesInProxyServers>
    <clickjackProtectionLevel>SameOriginOnly</clickjackProtectionLevel>
    <contentSniffingProtection>true</contentSniffingProtection>
    <enableAuraRequests>true</enableAuraRequests>
    <fileNotFoundPage>FileNotFound</fileNotFoundPage>
    <genericErrorPage>Exception</genericErrorPage>
    <inMaintenancePage>InMaintenance</inMaintenancePage>
    <indexPage>CommunitiesLanding</indexPage>
    <masterLabel>E-Bikes</masterLabel>
    <redirectToCustomDomain>false</redirectToCustomDomain>
    <referrerPolicyOriginWhenCrossOrigin
    >true</referrerPolicyOriginWhenCrossOrigin>
    <selfRegPage>CommunitiesSelfReg</selfRegPage>
    <siteAdmin>test-yypfaowt42yo@example.com</siteAdmin>
    <siteGuestRecordDefaultOwner
    >test-yypfaowt42yo@example.com</siteGuestRecordDefaultOwner>
    <siteType>ChatterNetwork</siteType>
    <subdomain>efficiency-connect-1801-dev--1701a0bb7eb</subdomain>
    <urlPathPrefix>ebikes</urlPathPrefix>
</CustomSite>
