{
    "activeBrandingSetId": "26ab9e87-e30e-419f-b5b6-e054218fcee7",
    "customCSS": "/* ExperienceBundle bug fix: nav menu style randomly switches theme and ends up white */\n.themeNav .forceCommunityThemeNav .mainNavItem a.linkBtn,.themeNav .forceCommunityThemeNav .mainNavItem a.linkBtn:hover {\n    color: #000000 !important;\n}\n.themeNav .forceCommunityThemeNav .mainNavItem a.linkBtn.comm-navigation__top-level-item-link--active {\n\tborder-bottom: 2px solid rgb(57, 75, 133) !important;    \n}\n/* ExperienceBundle bug fix: home page width not saved */\n.comm-page-home .body.isPageWidthFixed-true {\n    width: 100% !important;\n}\n/* Remove whitespace around regions and components */\n.contentRegion, .comm-content-header {\n    padding: 0 !important;\n}\n.ui-widget {\n    margin: 0 !important;\n}",
    "developerName": "jepson",
    "id": "1de30f59-39c2-4185-8b07-e304750c2009",
    "label": "Jepson",
    "layouts": {
        "Home": "ef7d55e9-d400-400c-b895-49ccc916c52e",
        "Inner": "1e7d39c7-bfc8-441a-a3ac-bdd8058dba6f",
        "Login": "10fb592c-ced0-44cf-bf8e-7bbc5327e5f3",
        "ServiceNotAvailable": "6102e046-b7c1-4fb9-a330-27971d42c36a"
    },
    "type": "theme",
    "views": [
        {
            "componentAttributes": {
                "fixedPageWidth": 1440,
                "headerBgColor": "rgba(0, 0, 0, 0)",
                "isHeaderPinned": false,
                "isHeroUnderHeader": false,
                "isPageWidthFixed": false,
                "showHeader": false,
                "showHero": false
            },
            "componentName": "siteforce:themeLayoutStarter",
            "id": "6102e046-b7c1-4fb9-a330-27971d42c36a",
            "label": "ServiceNotAvailable",
            "regions": [
                {
                    "id": "fbf1f5f0-b812-42a3-9a31-47fa9efce267",
                    "regionName": "themeHeader",
                    "type": "region"
                },
                {
                    "id": "0b766870-3c08-4268-b431-a427d8ceae73",
                    "regionName": "themeFooter",
                    "type": "region"
                }
            ],
            "type": "view"
        },
        {
            "componentAttributes": {},
            "componentName": "salesforceIdentity:loginBody2",
            "id": "10fb592c-ced0-44cf-bf8e-7bbc5327e5f3",
            "label": "Login",
            "regions": [
                {
                    "id": "b16d9c03-5c2d-4cee-ada3-e7e21ac39603",
                    "regionName": "header",
                    "type": "region"
                },
                {
                    "id": "26248f43-19d2-441b-8b7e-4e8998b692df",
                    "regionName": "content",
                    "type": "region"
                },
                {
                    "id": "5a327d68-7417-44b9-8a93-5875f4944260",
                    "regionName": "footer",
                    "type": "region"
                }
            ],
            "type": "view"
        },
        {
            "componentAttributes": {
                "fixedPageWidth": 1440,
                "headerBgColor": "rgba(255, 255, 255, 0.8)",
                "isHeaderPinned": false,
                "isHeroUnderHeader": false,
                "isPageWidthFixed": true,
                "showHeader": true,
                "showHero": false
            },
            "componentName": "siteforce:themeLayoutStarter",
            "id": "1e7d39c7-bfc8-441a-a3ac-bdd8058dba6f",
            "label": "Default",
            "regions": [
                {
                    "components": [
                        {
                            "componentAttributes": {
                                "background": "background: #FFFFFF",
                                "backgroundOverlayColor": "rgba(0, 0, 0, 0.3)",
                                "borderBottomColor": "rgba(0, 0, 0, 0.5)",
                                "centerAlignLogo": false,
                                "collapseNavMenu": false,
                                "containHeader": true,
                                "containHeaderWidth": 1440,
                                "dropdownBackgroundColor": "#FFFFFF",
                                "dropdownBackgroundHoverColor": "",
                                "dropdownBorderColor": "#F0F0F0",
                                "dropdownTextColor": "",
                                "dropdownTextHoverColor": "",
                                "headerHeight": 16,
                                "linkActiveBorderColor": "",
                                "linkColor": "rgba(0, 0, 0, 0.8)",
                                "linkHoverColor": "rgba(0, 0, 0, 0.7)",
                                "linkTextShadowColor": "rgba(255, 255, 255, 0)",
                                "logoWidth": 50,
                                "searchStyle": "expanded",
                                "showAppLauncher": false,
                                "showNavMenuOnLeft": true,
                                "showNotifications": true,
                                "showProfileMenu": true,
                                "showSearch": false
                            },
                            "componentName": "forceCommunity:themeHeaderCompact",
                            "id": "ea937fc5-7df5-40e4-b332-66e90bf16a8a",
                            "regions": [
                                {
                                    "components": [
                                        {
                                            "componentAttributes": {
                                                "buttonBackgroundColor": "",
                                                "buttonBackgroundHoverColor": "",
                                                "buttonBorderColor": "rgba(0, 0, 0, 0)",
                                                "buttonBorderRadius": 15,
                                                "buttonText": "Log in",
                                                "buttonTextColor": "",
                                                "buttonTextHoverColor": "",
                                                "menuStyleSettings": "{\"selectedMenuStyleSetting\":\"iconOnly\",\"selectedIconSetting\":\"userAvatar\",\"includeCompanyName\":false,\"selectedTextOrientationSetting\":\"right\"}"
                                            },
                                            "componentName": "forceCommunity:customizableUserProfileMenu",
                                            "id": "bd98d2ad-538d-4d38-90ed-be99913c1dfb",
                                            "renditionMap": {},
                                            "type": "component"
                                        }
                                    ],
                                    "id": "64d6b330-3f34-44bb-9636-539e86f2afd2",
                                    "regionName": "themeHeaderProfileMenu",
                                    "type": "region"
                                },
                                {
                                    "id": "43c41dd8-005c-4544-9b22-b477986a468c",
                                    "regionName": "search",
                                    "type": "region"
                                },
                                {
                                    "components": [
                                        {
                                            "componentAttributes": {
                                                "navAlignment": "left",
                                                "navItemThreshold": 6,
                                                "navigationMenuEditorRefresh": "Default_Navigation"
                                            },
                                            "componentName": "forceCommunity:themeNav",
                                            "id": "1dccf062-078a-4fde-a185-1c6b822db8b0",
                                            "renditionMap": {},
                                            "type": "component"
                                        }
                                    ],
                                    "id": "3eab6078-168d-4843-903c-68d2a501107f",
                                    "regionName": "nav",
                                    "type": "region"
                                },
                                {
                                    "id": "ba649ed0-7f7f-4cd7-9a9e-33c42f4acea3",
                                    "regionName": "cartIcon",
                                    "type": "region"
                                }
                            ],
                            "renditionMap": {},
                            "type": "component"
                        }
                    ],
                    "id": "c2efc896-88ec-4b2b-9b45-71c9fbd1aa5f",
                    "regionName": "themeHeader",
                    "type": "region"
                },
                {
                    "id": "f4a43496-573a-4e15-b683-9fe6a4f6f6f5",
                    "regionName": "themeHero",
                    "type": "region"
                },
                {
                    "id": "fe6857c9-2522-4403-bef3-a5af111dc070",
                    "regionName": "themeFooter",
                    "type": "region"
                }
            ],
            "type": "view"
        },
        {
            "componentAttributes": {
                "fixedPageWidth": 1440,
                "headerBgColor": "rgba(255, 255, 255, 0.8)",
                "isHeaderPinned": false,
                "isHeroUnderHeader": false,
                "isPageWidthFixed": true,
                "showHeader": true,
                "showHero": true
            },
            "componentName": "siteforce:themeLayoutStarter",
            "id": "ef7d55e9-d400-400c-b895-49ccc916c52e",
            "label": "Home",
            "regions": [
                {
                    "components": [
                        {
                            "componentAttributes": {
                                "background": "background: rgb(255,255,255)",
                                "backgroundOverlayColor": "rgba(0, 0, 0, 0.3)",
                                "borderBottomColor": "rgba(0, 0, 0, 0.5)",
                                "centerAlignLogo": false,
                                "collapseNavMenu": false,
                                "containHeader": true,
                                "containHeaderWidth": 1440,
                                "dropdownBackgroundColor": "#FFFFFF",
                                "dropdownBackgroundHoverColor": "",
                                "dropdownBorderColor": "#F0F0F0",
                                "dropdownTextColor": "",
                                "dropdownTextHoverColor": "",
                                "headerHeight": 16,
                                "linkActiveBorderColor": "",
                                "linkColor": "rgba(0, 0, 0, 0.8)",
                                "linkHoverColor": "rgba(0, 0, 0, 0.7)",
                                "linkTextShadowColor": "rgba(255, 255, 255, 0)",
                                "logoWidth": 50,
                                "searchStyle": "expanded",
                                "showAppLauncher": false,
                                "showNavMenuOnLeft": true,
                                "showNotifications": true,
                                "showProfileMenu": true,
                                "showSearch": false
                            },
                            "componentName": "forceCommunity:themeHeaderCompact",
                            "id": "48a72a08-8a06-4067-9240-5eb5b287f69b",
                            "regions": [
                                {
                                    "components": [
                                        {
                                            "componentAttributes": {
                                                "buttonBackgroundColor": "",
                                                "buttonBackgroundHoverColor": "",
                                                "buttonBorderColor": "rgba(0, 0, 0, 0)",
                                                "buttonBorderRadius": 15,
                                                "buttonText": "Log in",
                                                "buttonTextColor": "",
                                                "buttonTextHoverColor": "",
                                                "menuStyleSettings": "{\"selectedMenuStyleSetting\":\"iconOnly\",\"selectedIconSetting\":\"userAvatar\",\"includeCompanyName\":false,\"selectedTextOrientationSetting\":\"right\"}"
                                            },
                                            "componentName": "forceCommunity:customizableUserProfileMenu",
                                            "id": "67f1ffc7-d66c-44a1-a020-df2c3d80c323",
                                            "renditionMap": {},
                                            "type": "component"
                                        }
                                    ],
                                    "id": "847ef128-bff8-40ba-9028-ec7e2637734a",
                                    "regionName": "themeHeaderProfileMenu",
                                    "type": "region"
                                },
                                {
                                    "id": "0d38aff7-c98b-416e-b230-154abc1ef4f4",
                                    "regionName": "search",
                                    "type": "region"
                                },
                                {
                                    "components": [
                                        {
                                            "componentAttributes": {
                                                "navAlignment": "left",
                                                "navItemThreshold": 10,
                                                "navigationMenuEditorRefresh": "Default_Navigation"
                                            },
                                            "componentName": "forceCommunity:themeNav",
                                            "id": "f78b9665-bf73-45c3-b5e1-8bf378c0c8d4",
                                            "renditionMap": {},
                                            "type": "component"
                                        }
                                    ],
                                    "id": "f57a6d45-d587-49d1-a4bb-545306e4d924",
                                    "regionName": "nav",
                                    "type": "region"
                                },
                                {
                                    "id": "f06227c1-23ae-46a0-af3f-2a31c794c212",
                                    "regionName": "cartIcon",
                                    "type": "region"
                                }
                            ],
                            "renditionMap": {},
                            "type": "component"
                        }
                    ],
                    "id": "21c0321b-4723-45c0-b381-af8ad66cb140",
                    "regionName": "themeHeader",
                    "type": "region"
                },
                {
                    "id": "f65a58d0-7419-4a92-b21f-77b07d52cb50",
                    "regionName": "themeHero",
                    "type": "region"
                },
                {
                    "id": "8fcff882-f166-4514-9dbd-b6b616055ca2",
                    "regionName": "themeFooter",
                    "type": "region"
                }
            ],
            "type": "view"
        }
    ]
}
