{
    "definitionName": "jepson:branding-jepson",
    "id": "26ab9e87-e30e-419f-b5b6-e054218fcee7",
    "label": "Jepson",
    "type": "brandingSet",
    "values": {
        "ActionColor": "rgb(57, 75, 133)",
        "BorderColor": "#D4D4D4",
        "CardBackgroundColor": "rgba(255, 255, 255, 0)",
        "CompanyLogo": "/file-asset/ebikeslogo?v=1&amp;height=300&amp;width=300",
        "DetailTextColor": "rgba(0, 0, 0, 0.6)",
        "ErrorFontColor": "#ff9e9e",
        "HeaderFonts": "Montserrat",
        "LinkColor": "#111111",
        "LoginBackgroundColor": "#F4F4F4",
        "LoginBackgroundImage": "../../../../sfsites/picasso/core/external/salesforceIdentity/images/background.jpg?v=1",
        "OverlayTextColor": "rgb(255, 255, 255)",
        "PageBackgroundColor": "#FFFFFF",
        "PrimaryFont": "Lato",
        "TextColor": "rgb(0, 0, 0)",
        "TextTransformStyle": "none",
        "_ActionColorDarker": "#2a3761",
        "_ActionColorTrans": "rgba(57, 75, 133, 0.9)",
        "_BackgroundColor1": "rgb(235, 235, 235)",
        "_BackgroundColor2": "rgb(194, 194, 194)",
        "_BackgroundColor3": "rgb(133, 133, 133)",
        "_DxpPageBackgroundColor": "#FFFFFF",
        "_HoverColor": "rgba(57, 75, 133, 0.05)",
        "_LinkColorDarker": "#000000",
        "_NeutralColor": "#ecebea",
        "_NeutralColor1": "rgb(217, 215, 213)",
        "_NeutralColor2": "rgb(178, 174, 170)",
        "_NeutralColor3": "rgb(118, 113, 107)",
        "_NeutralForegroundColor": "#000",
        "_NeutralForegroundColor1": "#000",
        "_NeutralForegroundColor2": "#000",
        "_NeutralForegroundColor3": "#fff",
        "_OverlayTextColorShadow": "#000",
        "_PrimaryAccentColor1": "rgb(45, 59, 104)",
        "_PrimaryAccentColor2": "rgb(20, 27, 47)",
        "_PrimaryAccentColor3": "rgb(0, 0, 0)",
        "_PrimaryAccentForegroundColor1": "rgb(255, 255, 255)",
        "_PrimaryAccentForegroundColor2": "rgb(255, 255, 255)",
        "_PrimaryAccentForegroundColor3": "rgb(255, 255, 255)",
        "_TextColor1": "rgb(0, 0, 0)",
        "_TextColor2": "rgb(0, 0, 0)",
        "_TextColor3": "rgb(0, 0, 0)"
    }
}
