{
    "appPageId": "591ae89d-97d7-4f5d-b93f-ce618e5d48f1",
    "componentName": "siteforce:sldsOneColLayout",
    "dataProviders": [],
    "id": "0832e8af-7900-4144-84cf-0d09812e25a9",
    "label": "Create Record",
    "regions": [
        {
            "id": "53c5c8bc-234a-43cc-8a20-83f69edf50e4",
            "regionName": "header",
            "type": "region"
        },
        {
            "components": [
                {
                    "componentAttributes": {
                        "actionApiName": "{!actionApiName}"
                    },
                    "componentName": "forceCommunity:createRecordForm",
                    "id": "e87f211d-b03d-46ea-acf1-767764c1be3e",
                    "renderPriority": "NEUTRAL",
                    "renditionMap": {},
                    "type": "component"
                }
            ],
            "id": "54d81048-9d07-42a0-85c1-db92bc3a33ea",
            "regionName": "content",
            "type": "region"
        },
        {
            "id": "d6468f2f-fc9d-41b7-9aa3-87869dabdcca",
            "regionName": "footer",
            "type": "region"
        }
    ],
    "themeLayoutType": "Inner",
    "type": "view",
    "viewType": "createrecord"
}
