{
    "appPageId": "591ae89d-97d7-4f5d-b93f-ce618e5d48f1",
    "componentName": "siteforce:sldsOneColLayout",
    "dataProviders": [],
    "id": "ac8fec2e-cdb0-4d1f-b114-7052cd201195",
    "label": "Product Detail",
    "regions": [
        {
            "id": "258524db-6124-47d2-ba01-e5af77010cc3",
            "regionName": "header",
            "type": "region"
        },
        {
            "components": [
                {
                    "componentAttributes": {
                        "recordId": "{!recordId}"
                    },
                    "componentName": "forceCommunity:recordHeadline",
                    "id": "f2629995-5fe2-48ed-9141-11208f236a0a",
                    "renderPriority": "NEUTRAL",
                    "renditionMap": {},
                    "type": "component"
                },
                {
                    "componentAttributes": {
                        "detailsTabLabel": "Details",
                        "discussionsTabLabel": "Feed",
                        "recordId": "{!recordId}",
                        "relatedTabLabel": "Related",
                        "tab1Type": "details",
                        "tab2Type": "related",
                        "tab3Type": "none",
                        "tab4Type": "none",
                        "timelineTabLabel": "Activity"
                    },
                    "componentName": "forceCommunity:recordHomeTabs",
                    "id": "7693d2ed-96ec-4cbc-b514-244d029b4d32",
                    "renderPriority": "NEUTRAL",
                    "renditionMap": {},
                    "type": "component"
                }
            ],
            "id": "e967d756-db7d-4977-b0bf-692b199bf5cb",
            "regionName": "content",
            "type": "region"
        },
        {
            "id": "3cafa266-75e7-488d-8bb4-e3e305453efa",
            "regionName": "footer",
            "type": "region"
        },
        {
            "components": [
                {
                    "componentAttributes": {
                        "customHeadTags": "",
                        "description": "",
                        "title": "{!Record._Object}: {!Record._Title}"
                    },
                    "componentName": "forceCommunity:seoAssistant",
                    "id": "fd50f6de-5e7a-4fc2-bbb9-2a0106c3ca6c",
                    "renditionMap": {},
                    "type": "component"
                }
            ],
            "id": "d6ba96cf-bf52-4bab-aa18-69feab339e62",
            "regionName": "sfdcHiddenRegion",
            "type": "region"
        }
    ],
    "themeLayoutType": "Inner",
    "type": "view",
    "viewType": "detail-a03"
}
