<?xml version="1.0" encoding="UTF-8" ?>
<CustomField xmlns="http://soap.sforce.com/2006/04/metadata">
    <fullName>Material__c</fullName>
    <externalId>false</externalId>
    <label>Material</label>
    <required>false</required>
    <trackTrending>false</trackTrending>
    <type>Picklist</type>
    <valueSet>
        <restricted>true</restricted>
        <valueSetDefinition>
            <sorted>false</sorted>
            <value>
                <fullName>Aluminum</fullName>
                <default>false</default>
                <label>Aluminum</label>
            </value>
            <value>
                <fullName>Carbon</fullName>
                <default>false</default>
                <label>Carbon</label>
            </value>
        </valueSetDefinition>
    </valueSet>
</CustomField>
